{
  "intro": "I am a problem solver. I thrive on utilizing my peers’ and my combined experience to produce creative, elegant solutions to difficult problems.",
  "responsibilities": [
    "Hands-on experience in the latest ReactJS including Typescript.",
    "Good knowledge of Object Oriented Javascript.",
    "Develop user-friendly web interfaces to the highest W3C standards.",
    "Develop new user-facing features.",
    "Build reusable code and libraries for future use.",
    "Optimize application for maximum speed and scalability.",
    "Collaborate with other team members and stakeholders.",
    "Experience in Agile Methodology, Debugging tools like Chrome Dev Tools, Firebug, etc.",
    "I love to share knowledge (New technologies, Best Practices) with team and peers",
    "Active on github and open source contributions"
  ],
  "fav_repos": [
    "penless-todo",
    "sassKickstart",
    "hotdom",
    "expenseSpy"
  ],
  "domains": "eCommerce,Telecom,Tour and travels, Security and Digital Banking, Healthcare, Construction, Tools / SPA",
  "quotes": [
    "I love coding, Photography and Travelling."
  ],
  "badges": [
    {
      "title": "Linkedin",
      "avatar": "https://img.shields.io/badge/LinkedIn-0077B5?style=for-the-badge&logo=linkedin&logoColor=white",
      "url": "https://www.linkedin.com/in/nishant-kumar-027b5486/?originalSubdomain=in"
    },
    {
      "title": "Facebook",
      "avatar": "https://img.shields.io/badge/Facebook-1877F2?style=for-the-badge&logo=facebook&logoColor=white",
      "url": "https://www.facebook.com/Nishant.Kumar337/"
    },
    {
      "title": "Instagram",
      "avatar": "https://img.shields.io/badge/Instagram-E4405F?style=for-the-badge&logo=instagram&logoColor=white",
      "url": "https://www.instagram.com/knishant086/"
    }
  ],
  "skills": {
    "primary": [
      {
        "title": "JavaScript",
        "badge": "https://img.shields.io/badge/-JavaScript-05122A?style=flat&logo=javascript"
      },
      {
        "title": "Nodejs"
      },
      {
        "title": "HTML5",
        "badge": "ddd"
      },
      {
        "title": "CSS3",
        "badge": "ddd"
      },
      {
        "title": "SASS",
        "badge": "ddd"
      }
    ],
    "secondary": [
      {
        "title": "Photoshop",
        "badge": "ddd"
      },
      {
        "title": "jQuery",
        "badge": "ddd"
      },
      {
        "title": "WordPress",
        "badge": "ddd"
      },
      {
        "title": "Mongodb",
        "badge": "ddd"
      },
      {
        "title": "PHP",
        "badge": "ddd"
      },
      {
        "title": "Python",
        "badge": "ddd"
      },
      {
        "title": "Mustachejs",
        "badge": "ddd"
      },
      {
        "title": "handlebarjs",
        "badge": "ddd"
      },
      {
        "title": "less",
        "badge": "ddd"
      },
      {
        "title": "git",
        "badge": "ddd"
      },
      {
        "title": "docker",
        "badge": "ddd"
      },
      {
        "title": "CI / CD",
        "badge": "ddd"
      }
    ],
    "frameworks": [
      {
        "title": "React",
        "badge": "https://img.shields.io/badge/-React-05122A?style=flat&logo=react"
      },
      {
        "title": "Angular",
        "badge": "ddd"
      },
      {
        "title": "Bootstrap",
        "badge": "ddd"
      },
      {
        "title": "Express",
        "badge": "ddd"
      },
      {
        "title": "Material",
        "badge": "ddd"
      }
    ]
  }
}
