{
  "login": "undefinednishant",
  "id": 77924342,
  "node_id": "MDQ6VXNlcjc3OTI0MzQy",
  "avatar_url": "https://avatars.githubusercontent.com/u/77924342?v=4",
  "gravatar_id": "",
  "url": "https://api.github.com/users/undefinednishant",
  "html_url": "https://github.com/undefinednishant",
  "followers_url": "https://api.github.com/users/undefinednishant/followers",
  "following_url": "https://api.github.com/users/undefinednishant/following{/other_user}",
  "gists_url": "https://api.github.com/users/undefinednishant/gists{/gist_id}",
  "starred_url": "https://api.github.com/users/undefinednishant/starred{/owner}{/repo}",
  "subscriptions_url": "https://api.github.com/users/undefinednishant/subscriptions",
  "organizations_url": "https://api.github.com/users/undefinednishant/orgs",
  "repos_url": "https://api.github.com/users/undefinednishant/repos",
  "events_url": "https://api.github.com/users/undefinednishant/events{/privacy}",
  "received_events_url": "https://api.github.com/users/undefinednishant/received_events",
  "type": "User",
  "site_admin": false,
  "name": "Nishant Kumar",
  "company": null,
  "blog": "",
  "location": "India",
  "email": null,
  "hireable": null,
  "bio": "A ordinary programmer",
  "twitter_username": null,
  "public_repos": 3,
  "public_gists": 0,
  "followers": 1,
  "following": 1,
  "created_at": "2021-01-24T13:00:45Z",
  "updated_at": "2022-01-20T16:31:08Z"
}
