{
  "login": "hidaytrahman",
  "id": 9712111,
  "node_id": "MDQ6VXNlcjk3MTIxMTE=",
  "avatar_url": "https://avatars.githubusercontent.com/u/9712111?v=4",
  "gravatar_id": "",
  "url": "https://api.github.com/users/hidaytrahman",
  "html_url": "https://github.com/hidaytrahman",
  "followers_url": "https://api.github.com/users/hidaytrahman/followers",
  "following_url": "https://api.github.com/users/hidaytrahman/following{/other_user}",
  "gists_url": "https://api.github.com/users/hidaytrahman/gists{/gist_id}",
  "starred_url": "https://api.github.com/users/hidaytrahman/starred{/owner}{/repo}",
  "subscriptions_url": "https://api.github.com/users/hidaytrahman/subscriptions",
  "organizations_url": "https://api.github.com/users/hidaytrahman/orgs",
  "repos_url": "https://api.github.com/users/hidaytrahman/repos",
  "events_url": "https://api.github.com/users/hidaytrahman/events{/privacy}",
  "received_events_url": "https://api.github.com/users/hidaytrahman/received_events",
  "type": "User",
  "site_admin": false,
  "name": "Hidayt Rahman",
  "company": "@ThalesGroup",
  "blog": "https://hidaytrahman.github.io",
  "location": "New Delhi , IND",
  "email": null,
  "hireable": true,
  "bio": "I'm a JavaScript developer who enjoys creating products to improve the productivity and usability of tech in overall capacity.",
  "twitter_username": "hidaytrahman",
  "public_repos": 30,
  "public_gists": 9,
  "followers": 16,
  "following": 14,
  "created_at": "2014-11-13T05:25:43Z",
  "updated_at": "2022-01-22T13:08:53Z"
}
